id,customer_pname,customer_name,name,ref,is_company,customer,supplier,parent_id,type,use_parent_address,street,street2,zip,city,country_id/id,phone,mobile,fax,email,area_name,group_name,sub_group_name,category_id,website,comment,user_id
mh_res_partner_1,ร้าน,ศึกษากิจพิศาล,ร้าน ศึกษากิจพิศาล,3128,TRUE,TRUE,FALSE,,Default,FALSE,350/29 ถ.ไชยานุภาพ ต.ในเมือง,อ.เมือง จ.พิษณุโลก 65000,,,,055-320718,,055-320575,,ภาคเหนือ,ร้านค้าทั่วไป,ขายส่ง,"ภาคเหนือ,ร้านค้าทั่วไป,ขายส่ง",,,OF-AQ
mh_res_partner_2,บริษัท,แอด ไอคิว จำกัด,บริษัท แอด ไอคิว จำกัด,3979,TRUE,TRUE,FALSE,,Default,FALSE,350/29 ถ.ไชยานุภาพ ต.ในเมือง,อ.เมืองพิษณุโลก จ.พิษณุโลก 65000,,,,"055-320718,081-8867783",,055-320575,,ภาคเหนือ,ร้านค้าทั่วไป,ขายส่ง,"ภาคเหนือ,ร้านค้าทั่วไป,ขายส่ง",,,OF-AQ
mh_res_partner_3,บริษัท,ป.โปรฟิทส์  จำกัด,บริษัท ป.โปรฟิทส์  จำกัด,3559,TRUE,TRUE,FALSE,,Default,FALSE,40 ถ.ร่วมจิตร ต.ในเมือง,อ.เมืองขอนแก่น จ.ขอนแก่น 40000,,,,"043-332880,236442",,043-332880 กด 106,,ภาคอีสาน,ร้านค้าทั่วไป,ขายส่ง,"ภาคอีสาน,ร้านค้าทั่วไป,ขายส่ง",,,OF-PF
mh_res_partner_4,ห้างหุ้นส่วนจำกัด,แสงทิพย์ คุรุภัณฑ์,ห้างหุ้นส่วนจำกัด แสงทิพย์ คุรุภัณฑ์,แสงทิพย์,TRUE,TRUE,FALSE,,Default,FALSE,38 ถ.ร่วมจิตร ต.ในเมือง,อ.เมืองขอนแก่น จ.ขอนแก่น 40000,,,,,,,,ภาคอีสาน,ร้านค้าทั่วไป,ขายส่ง,"ภาคอีสาน,ร้านค้าทั่วไป,ขายส่ง",,,OF-PF
mh_res_partner_5,ห้างหุ้นส่วนจำกัด,สยามจันดี,ห้างหุ้นส่วนจำกัด สยามจันดี,สยามจันดี,TRUE,TRUE,FALSE,,Default,FALSE,111/43 หมู่บ้านชลลดา ถ.คำไฮ้-บ้านกอก,ต.บ้านเป็ด อ.เมืองขอนแก่น จ.ขอนแก่น 40000,,,,"043-916580,086-4599073",,,,ภาคอีสาน,ร้านค้าทั่วไป,,"ภาคอีสาน,ร้านค้าทั่วไป,",,,OF-PF
mh_res_partner_6,ห้างหุ้นส่วนจำกัด,สตาร์โปรฟิทส์,ห้างหุ้นส่วนจำกัด สตาร์โปรฟิทส์,043-916867,TRUE,TRUE,FALSE,,Default,FALSE,111/43  ถ.คำไฮ้-บ้านกอก ต.บ้านเป็ด,อ.เมืองขอนแก่น จ.ขอนแก่น 40000,,,,043-916867,,043-916581,,ภาคอีสาน,ร้านค้าทั่วไป,,"ภาคอีสาน,ร้านค้าทั่วไป,",,,OF-PF
mh_res_partner_7,บริษัท,สุ่ยเซ้งเครื่องเขียน  จำกัด,บริษัท สุ่ยเซ้งเครื่องเขียน  จำกัด,0160,TRUE,TRUE,FALSE,,Default,FALSE,93/87-92 ซอยพัฒนาการ1 ถนนสาธุประดิษฐ์34,แขวงบางโพงพาง เขตยานนาวา กรุงเทพฯ 10120,,,,026836625-8  022945356-7,,026836629,,กรุงเทพฯ,ร้านค้าทั่วไป,ขายปลีก,"กรุงเทพฯ,ร้านค้าทั่วไป,ขายปลีก",,,กิตติ
mh_res_partner_8,บริษัท,สันติศิริ  จำกัด,บริษัท สันติศิริ  จำกัด,0161,TRUE,TRUE,FALSE,,Default,FALSE,1808/4-5  ซอยพระแม่มารี  ถนนจันทน์,แขวงทุ่งวัดดอน  เขตสาธร  กรุงเทพฯ,,,,2112545,,,,กรุงเทพฯ,ร้านค้าทั่วไป,ขายปลีก,"กรุงเทพฯ,ร้านค้าทั่วไป,ขายปลีก",,,กิตติ
mh_res_partner_9,บริษัท,พัฒนาแสงชัย  จำกัด,บริษัท พัฒนาแสงชัย  จำกัด,0162,TRUE,TRUE,FALSE,,Default,FALSE,905  ถนนสีลม แขวงสีลม,เขตบางรัก  กรุงเทพฯ,,,,2334694-2346957,,,,กรุงเทพฯ,ร้านค้าทั่วไป,ขายปลีก,"กรุงเทพฯ,ร้านค้าทั่วไป,ขายปลีก",,,กิตติ
mh_res_partner_10,,พีแอนด์ซีสเตชั่นเนอรี่,พีแอนด์ซีสเตชั่นเนอรี่,0163,TRUE,TRUE,FALSE,,Default,FALSE,114/20  ถนนสีลม  แขวงสุริยวงศ์,เขตบางรัก  กรุงเทพฯ,,,,"2337556,2356425",,,,กรุงเทพฯ,ร้านค้าทั่วไป,ขายปลีก,"กรุงเทพฯ,ร้านค้าทั่วไป,ขายปลีก",,,กิตติ
mh_res_partner_11,ห้างหุ้นส่วนจำกัด,ส.สีลมสโตร์,ห้างหุ้นส่วนจำกัด ส.สีลมสโตร์,0164,TRUE,TRUE,FALSE,,Default,FALSE,1/7  ถนนศาลาแดง  แขวงสีลม,เขตบางรัก  กรุงเทพฯ,,,,"2336270,2344834",,,,กรุงเทพฯ,ร้านค้าทั่วไป,ขายปลีก,"กรุงเทพฯ,ร้านค้าทั่วไป,ขายปลีก",,,กิตติ
mh_res_partner_12,บริษัท,ไทยพัฒน์ซัพพลาย จำกัด,บริษัท ไทยพัฒน์ซัพพลาย จำกัด,0165,TRUE,TRUE,FALSE,,Default,FALSE,200/9 ถนนนเรศ,แขวงสี่พระยา เขตบางรัก กรุงเทพฯ,,,,"2333660,2347704",,,,กรุงเทพฯ,ร้านค้าทั่วไป,ขายปลีก,"กรุงเทพฯ,ร้านค้าทั่วไป,ขายปลีก",,,กิตติ
mh_res_partner_13,ห้างหุ้นส่วนจำกัด,ส.พงษ์ไทยสเตชั่นเนอรี่,ห้างหุ้นส่วนจำกัด ส.พงษ์ไทยสเตชั่นเนอรี่,0166,TRUE,TRUE,FALSE,,Default,FALSE,472  ถนนสุรวงศ์  แขวงสี่พระยา,เขตบางรัก  กรุงเทพฯ,,,,2340444,,,,กรุงเทพฯ,ร้านค้าทั่วไป,ขายปลีก,"กรุงเทพฯ,ร้านค้าทั่วไป,ขายปลีก",,,กิตติ
mh_res_partner_14,บริษัท,เอส เจ อาร์.อินเตอร์เนชั่นแนล จำกัด,บริษัท เอส เจ อาร์.อินเตอร์เนชั่นแนล จำกัด,0203,TRUE,TRUE,FALSE,,Default,FALSE,9  หมู่ 2 ซ.น้อมจิต ถ.ริมคลองประปา,แขวงบางซื่อ  เขตบางซื่อ  กรุงเทพฯ  10800,,,,029138067,,029138067,,กรุงเทพฯ,ร้านค้าทั่วไป,ขายปลีก,"กรุงเทพฯ,ร้านค้าทั่วไป,ขายปลีก",,,กุมุทณา
mh_res_partner_15,บริษัท,จ.วิวัฒน์เซอร์วิส (1990) จำกัด,บริษัท จ.วิวัฒน์เซอร์วิส (1990) จำกัด,0651,TRUE,TRUE,FALSE,,Default,FALSE,51/2 หมู่ 7 ซอยรัตนกวี แขวงจอมทอง,เขตจอมทอง  กรุงเทพฯ  10150,,,,02-4601176,,02-4685825,,กรุงเทพฯ,ร้านค้าทั่วไป,ขายปลีก,"กรุงเทพฯ,ร้านค้าทั่วไป,ขายปลีก",,,กุมุทณา
mh_res_partner_16,บริษัท,ธีระมงคล อุตสาหกรรม จำกัด (มหาชน),บริษัท ธีระมงคล อุตสาหกรรม จำกัด (มหาชน),2273,TRUE,TRUE,FALSE,,Default,FALSE,9/20 หมู่ที่ 5 ถนนเลียบคลองสี่วาพาสวัสดิ์,ต.คอกกระบือ อ.เมือง จ.สมุทรสาคร 74000,,,,,,,,กรุงเทพฯ,ร้านค้าทั่วไป,ขายปลีก,"กรุงเทพฯ,ร้านค้าทั่วไป,ขายปลีก",,,กุมุทณา
mh_res_partner_17,บริษัท,คิงส์คอลเลจออฟอิงลิช (ประเทศไทย) จำกัด,บริษัท คิงส์คอลเลจออฟอิงลิช (ประเทศไทย) จำกัด,0003,TRUE,TRUE,FALSE,,Default,FALSE,100/14  อาคารอีคิวมอลล์  ถ.แก้วนวรัตน์,ต.วัดเกตุ  อ.เมือง  จ.เชียงใหม่  50000,,,,053-306-733-35,,,,ภาคเหนือ,ร้านค้าทั่วไป,ขายปลีก,"ภาคเหนือ,ร้านค้าทั่วไป,ขายปลีก",,,จรัญ
mh_res_partner_18,บริษัท,คิงส์คอลเลจออฟอิงลิช (ประเทศไทย) จำกัด,บริษัท คิงส์คอลเลจออฟอิงลิช (ประเทศไทย) จำกัด,0007,TRUE,TRUE,FALSE,,Default,FALSE,19 (404 B) อาคารไทยพาณิชย์ ปาร์คพลาซ่า ชั้น 4,ถนนรัชดาภิเษก  แขวงจตุจักร เขตจตุจักร กรุงเทพฯ 10900,,,,02-6648909,,02-6648914,,กรุงเทพฯ,ร้านค้าทั่วไป,ขายปลีก,"กรุงเทพฯ,ร้านค้าทั่วไป,ขายปลีก",,,จรัญ
mh_res_partner_19,บริษัท,คิงส์คอลเลจออฟอิงลิช (ประเทศไทย) จำกัด,บริษัท คิงส์คอลเลจออฟอิงลิช (ประเทศไทย) จำกัด,0008,TRUE,TRUE,FALSE,,Default,FALSE,622 อาคารดิเอ็มโพเรียม ชั้น 9 ห้อง 3-4 ถนนสุขุมวิท,แขวงคลองตัน  เขตคลองเตย  กรุงเทพฯ 10110,,,,02-9379300,,02-9379295,,กรุงเทพฯ,ร้านค้าทั่วไป,ขายปลีก,"กรุงเทพฯ,ร้านค้าทั่วไป,ขายปลีก",,,จรัญ
mh_res_partner_20,บริษัท,ดีไลท์ เซอร์วิส แอนด์ มาร์เก็ตติ้ง  จำกัด,บริษัท ดีไลท์ เซอร์วิส แอนด์ มาร์เก็ตติ้ง  จำกัด,0072,TRUE,TRUE,FALSE,,Default,FALSE,22/31-40  ซอยประชาราษฎร์ 4  ถนนประชาราษฎร์ 1,แขวงบางซื่อ  เขตบางซื่อ  กรุงเทพฯ,,,,"5877411,9123037",,,,กรุงเทพฯ,ร้านค้าทั่วไป,ขายปลีก,"กรุงเทพฯ,ร้านค้าทั่วไป,ขายปลีก",,,จรัญ
mh_res_partner_21,หจก.,ไทยบุ๊คสโตร์,หจก. ไทยบุ๊คสโตร์,0152,TRUE,TRUE,FALSE,,Default,FALSE,"2,4,6  ซอยรังสิต - ปทุมธานี 1  ตำบลประชาธิปัตย์",อำเภอธัญบุรี  จังหวัดปทุมธานี  12130,,,,5313368,,,,กรุงเทพฯ,ร้านค้าทั่วไป,ขายปลีก,"กรุงเทพฯ,ร้านค้าทั่วไป,ขายปลีก",,,จรินทร์
mh_res_partner_22,ห้างหุ้นส่วนจำกัด,เบญจวิโรฒ,ห้างหุ้นส่วนจำกัด เบญจวิโรฒ,0153,TRUE,TRUE,FALSE,,Default,FALSE,3/25-26  หมู่ 9  ถนนพิบูลสงคราม  ตำบลสวนใหญ่,อำเภอเมืองนนทบุรี  จังหวัดนนทบุรี,,,,5268781,,02-5268782,,กรุงเทพฯ,ร้านค้าทั่วไป,ขายปลีก,"กรุงเทพฯ,ร้านค้าทั่วไป,ขายปลีก",,,จรินทร์
mh_res_partner_23,,ช.บุญเจริญ,ช.บุญเจริญ,0155,TRUE,TRUE,FALSE,,Default,FALSE,115/7-8  หมู่ 4  ถนนประชาราษฎร์  ตำบลสวนใหญ่,อำเภอเมือง  จังหวัดนนทบุรี,,,,5251453,,,,กรุงเทพฯ,ร้านค้าทั่วไป,ขายปลีก,"กรุงเทพฯ,ร้านค้าทั่วไป,ขายปลีก",,,จรินทร์
mh_res_partner_24,,ไชยยะมงคล,ไชยยะมงคล,0299,TRUE,TRUE,FALSE,,Default,FALSE,533 ถนนประชาสงเคราะห์,ต.ดินแดง เขตดินแดง กทม.,,,,,,,,กรุงเทพฯ,ร้านค้าทั่วไป,ขายปลีก,"กรุงเทพฯ,ร้านค้าทั่วไป,ขายปลีก",,,จรินทร์
mh_res_partner_25,,สมประเสริฐ,สมประเสริฐ,0300,TRUE,TRUE,FALSE,,Default,FALSE,368  ถนนสุทธิสารวินิจฉัยแยก1  แขวงดินแดง,เขตดินแดง    กทม,,,,2771261,,,,กรุงเทพฯ,ร้านค้าทั่วไป,ขายปลีก,"กรุงเทพฯ,ร้านค้าทั่วไป,ขายปลีก",,,จรินทร์
mh_res_partner_26,,ช.จิตต์เจริญ,ช.จิตต์เจริญ,0301,TRUE,TRUE,FALSE,,Default,FALSE,336  ถนนสุทธิสารแยก 1 ห้วยขวาง,เขตดินแดง  กรุงเทพฯ,,,,,,,,กรุงเทพฯ,ร้านค้าทั่วไป,ขายปลีก,"กรุงเทพฯ,ร้านค้าทั่วไป,ขายปลีก",,,จรินทร์
mh_res_partner_27,,สุภาภรณ์,สุภาภรณ์,0302,TRUE,TRUE,FALSE,,Default,FALSE,ห้วยขวาง,,,,,,,,,กรุงเทพฯ,ร้านค้าทั่วไป,ขายปลีก,"กรุงเทพฯ,ร้านค้าทั่วไป,ขายปลีก",,,จรินทร์
mh_res_partner_28,,กมลวิทย์,กมลวิทย์,0304,TRUE,TRUE,FALSE,,Default,FALSE,สะพานควาย,,,,,,,,,กรุงเทพฯ,ร้านค้าทั่วไป,ขายปลีก,"กรุงเทพฯ,ร้านค้าทั่วไป,ขายปลีก",,,จรินทร์
mh_res_partner_29,,ป.วัฒนาพานิช,ป.วัฒนาพานิช,0307,TRUE,TRUE,FALSE,,Default,FALSE,จตุจักร,,,,,2724893-4,,,,กรุงเทพฯ,ร้านค้าทั่วไป,ขายปลีก,"กรุงเทพฯ,ร้านค้าทั่วไป,ขายปลีก",,,จรินทร์
mh_res_partner_30,บริษัท,อุดมภัณฑ์มาร์เก็ตติ้ง (2543)  จำกัด,บริษัท อุดมภัณฑ์มาร์เก็ตติ้ง (2543)  จำกัด,0103,TRUE,TRUE,FALSE,,Default,FALSE,29/30-32 ซอยวัดตะพาน ถ.ราชปรารภ,แขวงมักกะสัน เขตราชเทวี กทม.10400,,,,2454857 2456371 6425474-6,,026425477,,กรุงเทพฯ,ร้านค้าทั่วไป,ขายปลีก,"กรุงเทพฯ,ร้านค้าทั่วไป,ขายปลีก",,,ฉัตรชัย
mh_res_partner_31,ห้างหุ้นส่วนจำกัด,สากลเครื่องเขียนและการพิมพ์,ห้างหุ้นส่วนจำกัด สากลเครื่องเขียนและการพิมพ์,0104,TRUE,TRUE,FALSE,,Default,FALSE,1022  ถนนประชาสงเคราะห์  แขวงดินแดง,เขตดินแดง  กรุงเทพฯ,,,,2450545,,,,กรุงเทพฯ,ร้านค้าทั่วไป,ขายปลีก,"กรุงเทพฯ,ร้านค้าทั่วไป,ขายปลีก",,,ฉัตรชัย
mh_res_partner_32,,เจ ซัพพลาย,เจ ซัพพลาย,0116,TRUE,TRUE,FALSE,,Default,FALSE,3502  ถนนเพชรบุรี  แขวงสวนหลวง,เขตสวนหลวง  กรุงเทพฯ,,,,3181863,,,,กรุงเทพฯ,ร้านค้าทั่วไป,ขายปลีก,"กรุงเทพฯ,ร้านค้าทั่วไป,ขายปลีก",,,ฉัตรชัย
mh_res_partner_33,,พี แอนด์ ซี ซัพพลาย,พี แอนด์ ซี ซัพพลาย,0117,TRUE,TRUE,FALSE,,Default,FALSE,20 ถนนพัฒนาการ แขวงสวนหลวง,เขตสวนหลวง  กรุงเทพฯ 10250,,,,3144932,,02-319-485,,กรุงเทพฯ,ร้านค้าทั่วไป,ขายปลีก,"กรุงเทพฯ,ร้านค้าทั่วไป,ขายปลีก",,,ฉัตรชัย
mh_res_partner_34,ห้างหุ้นส่วนจำกัด,สุขวัฒนาพานิช,ห้างหุ้นส่วนจำกัด สุขวัฒนาพานิช,0118,TRUE,TRUE,FALSE,,Default,FALSE,1971- 1973 ซอยรามคำแหง 25  ถนนรามคำแหง,แขวงหัวหมาก  เขตบางกะปิ  กรุงเทพฯ,,,,3141090,,,,กรุงเทพฯ,ร้านค้าทั่วไป,ขายปลีก,"กรุงเทพฯ,ร้านค้าทั่วไป,ขายปลีก",,,ฉัตรชัย
mh_res_partner_35,ห้างหุ้นส่วนจำกัด,เศรษฐโชติ,ห้างหุ้นส่วนจำกัด เศรษฐโชติ,0119,TRUE,TRUE,FALSE,,Default,FALSE,"147,149 ถนนวัชรพล แขวงท่าแร้ง",เขตบางเขน กรุงเทพฯ 10230,,,,"9454310-13,01-9133900",,9454130,,กรุงเทพฯ,ร้านค้าทั่วไป,ขายปลีก,"กรุงเทพฯ,ร้านค้าทั่วไป,ขายปลีก",,,ฉัตรชัย
mh_res_partner_36,บริษัท,สหชัยบราเดอร์ส  จำกัด,บริษัท สหชัยบราเดอร์ส  จำกัด,0120,TRUE,TRUE,FALSE,,Default,FALSE,43  ถนนเสรีไทย  แขวงคลองจั่น,เขตบางกะปิ  กรุงเทพฯ,,,,3778459   3782042,,,,กรุงเทพฯ,ร้านค้าทั่วไป,ขายปลีก,"กรุงเทพฯ,ร้านค้าทั่วไป,ขายปลีก",,,ฉัตรชัย
mh_res_partner_37,,ปรียาพานิช,ปรียาพานิช,0121,TRUE,TRUE,FALSE,,Default,FALSE,"เลขที่ 354,356  ถนนรามอินทรา  แขวงรามอินทรา",เขตคันนายาว  กรุงเทพฯ 10230,,,,5109092-5195617,,5109092,,กรุงเทพฯ,ร้านค้าทั่วไป,ขายปลีก,"กรุงเทพฯ,ร้านค้าทั่วไป,ขายปลีก",,,ฉัตรชัย
mh_res_partner_38,ห้างหุ้นส่วนจำกัด,ประเสริฐวิทยาสเตชั่นเนอรี่,ห้างหุ้นส่วนจำกัด ประเสริฐวิทยาสเตชั่นเนอรี่,0122,TRUE,TRUE,FALSE,,Default,FALSE,15/24-25 หมู่ 2 ถนนฉลองกรุง  แขวงลาดกระบัง,เขตลาดกระบัง  กรุงเทพฯ 10520,,,,3269317,,,,กรุงเทพฯ,ร้านค้าทั่วไป,ขายปลีก,"กรุงเทพฯ,ร้านค้าทั่วไป,ขายปลีก",,,ฉัตรชัย
mh_res_partner_39,ร้าน,วิริยะภัณฑ์,ร้าน วิริยะภัณฑ์,3403,TRUE,TRUE,FALSE,,Default,FALSE,1113 หมู่ 1 ถ.พหลโยธิน ต.สลกบาตร,อ.ขาณุวรลักษบุรี จ.กำแพงเพชร 62140,,,,"055-771381,01-6454755",,055-771381,,ภาคเหนือ,ร้านค้าทั่วไป,ขายส่ง,"ภาคเหนือ,ร้านค้าทั่วไป,ขายส่ง",,,ชูเกียรติ
mh_res_partner_40,,ทวีโชค,ทวีโชค,3276,TRUE,TRUE,FALSE,,Default,FALSE,239/26-27 หมู่ 4 ซอยอุทัยรัตน์,ถ.สุขุมวิท อ.เมือง จ.ชลบุรี 20000,,,,"038-285185,796555",,,,ภาคกลาง,ร้านค้าทั่วไป,ขายส่ง,"ภาคกลาง,ร้านค้าทั่วไป,ขายส่ง",,,นิติ
mh_res_partner_41,ห้างหุ้นส่วนจำกัด,ชลบุรี ว.พานิช,ห้างหุ้นส่วนจำกัด ชลบุรี ว.พานิช,3277,TRUE,TRUE,FALSE,,Default,FALSE,695/47  ถ.สุรชัย ต.มะขามหย่ง,อ.เมือง จ.ชลบุรี 20000,,,,"038-277761-3,285237,261130",,038-282649,,ภาคกลาง,ร้านค้าทั่วไป,ขายส่ง,"ภาคกลาง,ร้านค้าทั่วไป,ขายส่ง",,,นิติ
mh_res_partner_42,,บุญไทย,บุญไทย,3279,TRUE,TRUE,FALSE,,Default,FALSE,122/10 ถ.สุขุมวิท ต.ท่าประดู่,อ.เมือง จ.ระยอง 21000,,,,038-611947,,038-861168,,ภาคกลาง,ร้านค้าทั่วไป,ขายส่ง,"ภาคกลาง,ร้านค้าทั่วไป,ขายส่ง",,,นิติ
mh_res_partner_43,,พรชัยเซ็นเตอร์,พรชัยเซ็นเตอร์,3281,TRUE,TRUE,FALSE,,Default,FALSE,007/3-4  ถ.ภักดีบริรักษ์,อ.เมือง จ.ระยอง 21000,,,,"038-613415,01-8613210",,038-613415,,ภาคกลาง,ร้านค้าทั่วไป,ขายส่ง,"ภาคกลาง,ร้านค้าทั่วไป,ขายส่ง",,,นิติ
mh_res_partner_44,,อักษรภัณฑ์,อักษรภัณฑ์,3282,TRUE,TRUE,FALSE,,Default,FALSE,030  ถ.ป่าประดู่,อ.เมือง จ.ระยอง 21000,,,,038-612296,,038-612296,,ภาคกลาง,ร้านค้าทั่วไป,ขายส่ง,"ภาคกลาง,ร้านค้าทั่วไป,ขายส่ง",,,นิติ
mh_res_partner_45,,สมปองครุภัณฑ์,สมปองครุภัณฑ์,3034,TRUE,TRUE,FALSE,,Default,FALSE,159/21 ถ.ทุ่งสง-สุราษฎร์ ต.ชะมาย,อ.ทุ่งสง จ.นครศรีธรรมราช 80110,,,,"075-421355,412082",,075-421355,,ภาคใต้,ร้านค้าทั่วไป,ขายส่ง,"ภาคใต้,ร้านค้าทั่วไป,ขายส่ง",,,นิทัศน์
mh_res_partner_46,,ต.รุ่งเรือง,ต.รุ่งเรือง,3103,TRUE,TRUE,FALSE,,Default,FALSE,10 ตลาดสุขุมาล ซอย 5 ถ.พิชัย,ต.ปากเพรียว อ.เมือง จ.สระบุรี 18000,,,,"036-221323,01-9672278",,081-3711854,,ภาคเหนือ,ร้านค้าทั่วไป,ขายส่ง,"ภาคเหนือ,ร้านค้าทั่วไป,ขายส่ง",,,นิทัศน์
mh_res_partner_47,,ไทยประดิษฐ์,ไทยประดิษฐ์,3117,TRUE,TRUE,FALSE,,Default,FALSE,15/1-3 ถ.แสงทินกร,อ.ชุมแสง จ.นครสวรรค์ 60120,,,,056-282444  ที่บ้าน,,09-2716999,,ภาคเหนือ,ร้านค้าทั่วไป,ขายส่ง,"ภาคเหนือ,ร้านค้าทั่วไป,ขายส่ง",,,นิทัศน์
mh_res_partner_48,บริษัท,ทวียนต์มาร์เก็ตติ้ง จำกัด,บริษัท ทวียนต์มาร์เก็ตติ้ง จำกัด,3171,TRUE,TRUE,FALSE,,Default,FALSE,608/3 หมู่ 2 ถ.พหลโยธิน,ต.เวียง อ.เมือง จ.เชียงราย 57000,,,,"053-711040,713695",,053-713304,,ภาคเหนือ,ร้านค้าทั่วไป,ขายส่ง,"ภาคเหนือ,ร้านค้าทั่วไป,ขายส่ง",,,นิทัศน์
mh_res_partner_49,ร้าน,อรัญชัย,ร้าน อรัญชัย,3187,TRUE,TRUE,FALSE,,Default,FALSE,356-357 ข้างตลาดสดสุขาภิบาล,อ.ปากช่อง จ.นครราชสีมา 30130,,,,044-311863,,,,ภาคอีสาน,ร้านค้าทั่วไป,ขายส่ง,"ภาคอีสาน,ร้านค้าทั่วไป,ขายส่ง",,,นิทัศน์
mh_res_partner_50,ห้างหุ้นส่วนจำกัด,จิตต์สิริพาณิชย์,ห้างหุ้นส่วนจำกัด จิตต์สิริพาณิชย์,3036,TRUE,TRUE,FALSE,,Default,FALSE,600/11 ถ.กาญจนวนิช ต.บ้านพรุ,อ.หาดใหญ่ จ.สงขลา 90250,,,,"074-553100, 089-8709193",,074-553101,,ภาคใต้,ร้านค้าทั่วไป,ขายส่ง,"ภาคใต้,ร้านค้าทั่วไป,ขายส่ง",,,บุญเลิศ
mh_res_partner_51,ร้าน,มิตรสาส์น,ร้าน มิตรสาส์น,3045,TRUE,TRUE,FALSE,,Default,FALSE,128-132 ถ.วิเศษกุล,อ.เมือง จ.ตรัง 92000,,,,"075-218806,2118811,01-6910126",,075-212034,,ภาคใต้,ร้านค้าทั่วไป,ขายส่ง,"ภาคใต้,ร้านค้าทั่วไป,ขายส่ง",,,บุญเลิศ
mh_res_partner_52,ห้างหุ้นส่วนจำกัด,นำวิทยา,ห้างหุ้นส่วนจำกัด นำวิทยา,3048,TRUE,TRUE,FALSE,,Default,FALSE,136/1 ถ.วิเศษกุล,อ.เมือง จ.ตรัง 92000,,,,"075-219288,212991",,075-212991,,ภาคใต้,ร้านค้าทั่วไป,ขายส่ง,"ภาคใต้,ร้านค้าทั่วไป,ขายส่ง",,,บุญเลิศ
mh_res_partner_53,ร้าน,บุษกร,ร้าน บุษกร,3058,TRUE,TRUE,FALSE,,Default,FALSE,117 ถ.ศรีเมือง,อ.ตะกั่วป่า จ.พังงา 82110,,,,"076-421706,01-5389097",,076-421706,,ภาคใต้,ร้านค้าทั่วไป,ขายส่ง,"ภาคใต้,ร้านค้าทั่วไป,ขายส่ง",,,บุญเลิศ
mh_res_partner_54,,เกียรติสินธุ สเตชั่นเนอรี่,เกียรติสินธุ สเตชั่นเนอรี่,3060,TRUE,TRUE,FALSE,,Default,FALSE,18/73 ถ.แม่หลวน ต.ตลาดเหนือ,อ.เมืองภูเก็ต  จ.ภูเก็ต  83000,,,,"076-211702,211316",,"076-211520,235385",,ภาคใต้,ร้านค้าทั่วไป,ขายส่ง,"ภาคใต้,ร้านค้าทั่วไป,ขายส่ง",,,บุญเลิศ
mh_res_partner_55,ห้างหุ้นส่วนจำกัด,ยืนยงการไฟฟ้า,ห้างหุ้นส่วนจำกัด ยืนยงการไฟฟ้า,3061,TRUE,TRUE,FALSE,,Default,FALSE,"26,28  ถ.เยาวราช  ต.ตลาดใหญ่",อ.เมือง  จ.ภูเก็ต  83000,,,,"076-211049,225610",,076-214311,,ภาคใต้,ร้านค้าทั่วไป,ขายส่ง,"ภาคใต้,ร้านค้าทั่วไป,ขายส่ง",,,บุญเลิศ
mh_res_partner_56,ห้างหุ้นส่วนจำกัด,ภูเก็ตสงวนพาณิชย์,ห้างหุ้นส่วนจำกัด ภูเก็ตสงวนพาณิชย์,3062,TRUE,TRUE,FALSE,,Default,FALSE,21-23  ถ.เยาวราช  อ.เมือง,จ.ภูเก็ต  83000,,,,"076-211625,219029",,076-216053,,ภาคใต้,ร้านค้าทั่วไป,ขายส่ง,"ภาคใต้,ร้านค้าทั่วไป,ขายส่ง",,,บุญเลิศ
mh_res_partner_57,บริษัท,โยนิโส  จำกัด,บริษัท โยนิโส  จำกัด,0774,TRUE,TRUE,FALSE,,Default,FALSE,436/12  ซอยลาดพร้าว 47 (สะพาน 2),แขวงสะพานสอง  เขตวังทองหลาง  กรุงเทพฯ  10310,,,,933-3955,,538-8344,,กรุงเทพฯ,ร้านค้าทั่วไป,ขายปลีก,"กรุงเทพฯ,ร้านค้าทั่วไป,ขายปลีก",,,ประภาพร
mh_res_partner_58,สำนักงานกฏหมาย,ศรีเมฆ,สำนักงานกฏหมาย ศรีเมฆ,0784,TRUE,TRUE,FALSE,,Default,FALSE,281  ถนนอิสรภาพ  ซอย 23,(วัดราชสิทธาราม),,,,4721794 - 4722139,,,,กรุงเทพฯ,ร้านค้าทั่วไป,ขายส่ง,"กรุงเทพฯ,ร้านค้าทั่วไป,ขายส่ง",,,ประภาพร
mh_res_partner_59,,อ.บางกอก,อ.บางกอก,0785,TRUE,TRUE,FALSE,,Default,FALSE,206/2-3 ถนนหลานหลวง,แขวงคลองมหานาค  เขตป้อมปราบศัตรูพ่าย  กรุงเทพฯ,,,,,,,,กรุงเทพฯ,ร้านค้าทั่วไป,ขายส่ง,"กรุงเทพฯ,ร้านค้าทั่วไป,ขายส่ง",,,ประภาพร
mh_res_partner_60,ห้างหุ้นส่วนสามัญ,คณะบุคคล ซี.วี. เทรดดิ้ง,ห้างหุ้นส่วนสามัญ คณะบุคคล ซี.วี. เทรดดิ้ง,0786,TRUE,TRUE,FALSE,,Default,FALSE,131/37-38  ถนนสุขุมวิท,แขวงคลองเตย  เขตคลองเตย  กรุงเทพฯ,,,,9446431,,,,กรุงเทพฯ,ร้านค้าทั่วไป,ขายส่ง,"กรุงเทพฯ,ร้านค้าทั่วไป,ขายส่ง",,,ประภาพร
mh_res_partner_61,บริษัท,ตากอรุณสิน จำกัด,บริษัท ตากอรุณสิน จำกัด,0049,TRUE,TRUE,FALSE,,Default,FALSE,"272,274,276,278 ซ.เจริญกรุง 43 (ตรอกสะพานยาว) ถ.เจริญกรุง",แขวงสี่พระยา เขตบางรัก กทม.10500,,,,2682255,,,,กรุงเทพฯ,ร้านค้าทั่วไป,ขายปลีก,"กรุงเทพฯ,ร้านค้าทั่วไป,ขายปลีก",,,พรเทพ
mh_res_partner_62,,เสริมทรัพย์,เสริมทรัพย์,0050,TRUE,TRUE,FALSE,,Default,FALSE,2 ปากตรอกซอยสุกร,ถนนพระราม 4 กรุงเทพฯ,,,,"2216381,2244256",,,,กรุงเทพฯ,ร้านค้าทั่วไป,ขายปลีก,"กรุงเทพฯ,ร้านค้าทั่วไป,ขายปลีก",,,พรเทพ
mh_res_partner_63,บริษัท,ยงเจริญศูนย์เครื่องเขียน จำกัด,บริษัท ยงเจริญศูนย์เครื่องเขียน จำกัด,0051,TRUE,TRUE,FALSE,,Default,FALSE,2 ซอยรองเมือง 2  ถนนรองเมือง,แขวงรองเมือง  เขตปทุมวัน  กรุงเทพฯ   10330,,,,"02-2165477-90,02-2162888",,02-2165489,,กรุงเทพฯ,ร้านค้าทั่วไป,ขายส่ง,"กรุงเทพฯ,ร้านค้าทั่วไป,ขายส่ง",,,พรเทพ
mh_res_partner_64,หจก.,เจริญกรุงบุ๊คสโตร์,หจก. เจริญกรุงบุ๊คสโตร์,0052,TRUE,TRUE,FALSE,,Default,FALSE,602-604 ถนนเจริญกรุง,แขวงสัมพันธวงศ์ เขตสัมพันธวงศ์ กรุงเทพฯ,,,,,,,,กรุงเทพฯ,ร้านค้าทั่วไป,ขายปลีก,"กรุงเทพฯ,ร้านค้าทั่วไป,ขายปลีก",,,พรเทพ
mh_res_partner_65,บริษัท,ศึกษาภัณฑ์ จำกัด,บริษัท ศึกษาภัณฑ์ จำกัด,3949,TRUE,TRUE,FALSE,,Default,FALSE,123 หมู่ที่ 11 ต.ชัยจุมพล,อ.ลับแล จ.อุตรดิตถ์ 53130,,,,"055-450339,450340",,055-431557,,ภาคเหนือ,ร้านค้าทั่วไป,ขายส่ง,"ภาคเหนือ,ร้านค้าทั่วไป,ขายส่ง",,,พีรพัฒน์
mh_res_partner_66,,เอ แอนด์ พี ซุปเปอร์มาร์ท,เอ แอนด์ พี ซุปเปอร์มาร์ท,3950,TRUE,TRUE,FALSE,,Default,FALSE,55/4 หมู่ 10 ถ.เหมืองแดง ต.แม่สาย,อ.แม่สาย  จ.เชียงราย  57130,,,,053-644113,,053-731660,,ภาคเหนือ,ร้านค้าทั่วไป,ขายส่ง,"ภาคเหนือ,ร้านค้าทั่วไป,ขายส่ง",,,พีรพัฒน์
mh_res_partner_67,บริษัท,ธันยบูรณ์พานิช จำกัด,บริษัท ธันยบูรณ์พานิช จำกัด,3951,TRUE,TRUE,FALSE,,Default,FALSE,63/9 ถ.สนามบิน ต.หัวเวียง,อ.เมืองลำปาง จ.ลำปาง 52000,,,,054-314915-6,,054-314931,,ภาคเหนือ,ร้านค้าทั่วไป,ขายส่ง,"ภาคเหนือ,ร้านค้าทั่วไป,ขายส่ง",,,พีรพัฒน์
mh_res_partner_68,บริษัท,ดี.เค.แคมปัส สโตร์ จำกัด,บริษัท ดี.เค.แคมปัส สโตร์ จำกัด,3953,TRUE,TRUE,FALSE,,Default,FALSE,79/1 ถ.คชสาร ต.ช้างคลาน,อ.เมืองเชียงใหม่ จ.เชียงใหม่ 50100,,,,053-206996-98,,053-284637,,ภาคเหนือ,ร้านค้าทั่วไป,ขายส่ง,"ภาคเหนือ,ร้านค้าทั่วไป,ขายส่ง",,,พีรพัฒน์
mh_res_partner_69,บริษัท,เทพวัลย์ กรุ๊ป (1995) จำกัด,บริษัท เทพวัลย์ กรุ๊ป (1995) จำกัด,3963,TRUE,TRUE,FALSE,,Default,FALSE,732/2-6 ถ.พหลโยธิน ต.เวียง,อ.เมือง จ.เชียงราย 57000,,,,053-711015,,053-740464,,ภาคเหนือ,ร้านค้าทั่วไป,ขายส่ง,"ภาคเหนือ,ร้านค้าทั่วไป,ขายส่ง",,,พีรพัฒน์
mh_res_partner_70,ห้างหุ้นส่วนจำกัด,เชียงใหม่กราฟฟิค,ห้างหุ้นส่วนจำกัด เชียงใหม่กราฟฟิค,3966,TRUE,TRUE,FALSE,,Default,FALSE,175/12  ถ.พระปกเกล้า ต.ศรีภูมิ,อ.เมือง  จ.เชียงใหม่  50200,,,,053-222086,,053-211636,,ภาคเหนือ,ร้านค้าทั่วไป,ขายส่ง,"ภาคเหนือ,ร้านค้าทั่วไป,ขายส่ง",,,พีรพัฒน์
mh_res_partner_71,ห้างหุ้นส่วนจำกัด,เชียงใหม่สิริสวัสดิ์,ห้างหุ้นส่วนจำกัด เชียงใหม่สิริสวัสดิ์,3967,TRUE,TRUE,FALSE,,Default,FALSE,1 ซอย 7 ถ.หมื่นด้ามพร้าคต,ต.ช้างเผือก อ.เมือง จ.เชียงใหม่ 50300,,,,053-219664,,,,ภาคเหนือ,ร้านค้าทั่วไป,ขายส่ง,"ภาคเหนือ,ร้านค้าทั่วไป,ขายส่ง",,,พีรพัฒน์
mh_res_partner_72,ห้างหุ้นส่วนจำกัด,นิสิตยโสธร,ห้างหุ้นส่วนจำกัด นิสิตยโสธร,3239,TRUE,TRUE,FALSE,,Default,FALSE,77  ถ.ประชาสัมพันธ์ ต.ในเมือง,อ.เมือง จ.ยโสธร 35000,,,,"045-711637,711871",,045-712347,,ภาคอีสาน,ร้านค้าทั่วไป,ขายส่ง,"ภาคอีสาน,ร้านค้าทั่วไป,ขายส่ง",,,เพียว
mh_res_partner_73,บริษัท,ซีสแม็กซ์ อินเตอร์เทรด จำกัด,บริษัท ซีสแม็กซ์ อินเตอร์เทรด จำกัด,3240,TRUE,TRUE,FALSE,,Default,FALSE,129 ซอยลาดพร้าว 63 ถนนลาดพร้าว,แขวงวังทองหลาง เขตวังทองหลาง กรุงเทพฯ 10310,,,,,,,,ภาคอีสาน,ร้านค้าทั่วไป,ขายส่ง,"ภาคอีสาน,ร้านค้าทั่วไป,ขายส่ง",,,เพียว
mh_res_partner_74,ร้าน,ไทยเจริญ,ร้าน ไทยเจริญ,3241,TRUE,TRUE,FALSE,,Default,FALSE,26-28  ถ.สถลมาร์ค ต.วารินชำราบ,อ.วารินชำราบ จ.อุบลราชธานี 34190,,,,045-321801,,,,ภาคอีสาน,ร้านค้าทั่วไป,ขายส่ง,"ภาคอีสาน,ร้านค้าทั่วไป,ขายส่ง",,,เพียว
mh_res_partner_75,ห้างหุ้นส่วนจำกัด,รวมสินไทยเซ็นเตอร์,ห้างหุ้นส่วนจำกัด รวมสินไทยเซ็นเตอร์,3242,TRUE,TRUE,FALSE,,Default,FALSE,172-174  ถ.แจ้งสนิท ต.ในเมือง,อ.เมือง จ.อุบลราชธานี 34000,,,,"045-255247,262880",,045-262003,,ภาคอีสาน,ร้านค้าทั่วไป,ขายส่ง,"ภาคอีสาน,ร้านค้าทั่วไป,ขายส่ง",,,เพียว
mh_res_partner_76,ร้าน,อุบลวิทยาคาร,ร้าน อุบลวิทยาคาร,3247,TRUE,TRUE,FALSE,,Default,FALSE,54-58  ถ.อุปราช,อ.เมือง จ.อุบลราชธานี 34000,,,,045-243697,,045-255295,,ภาคอีสาน,ร้านค้าทั่วไป,ขายส่ง,"ภาคอีสาน,ร้านค้าทั่วไป,ขายส่ง",,,เพียว
mh_res_partner_77,ห้างหุ้นส่วนจำกัด,ล้ำฟ้าโอเอแอนด์สเตชั่นเนอรี่,ห้างหุ้นส่วนจำกัด ล้ำฟ้าโอเอแอนด์สเตชั่นเนอรี่,3250,TRUE,TRUE,FALSE,,Default,FALSE,192  ถ.ผาแดง ต.ในเมือง,อ.เมือง จ.อุบลราชธานี 34000,,,,045-246006-9,,045-264655,,ภาคอีสาน,ร้านค้าทั่วไป,ขายส่ง,"ภาคอีสาน,ร้านค้าทั่วไป,ขายส่ง",,,เพียว
mh_res_partner_78,ร้าน,อ.สดศรี,ร้าน อ.สดศรี,3844,TRUE,TRUE,FALSE,,Default,FALSE,545-549 หมู่ 6 ตลาดเหนือ ต.ศาลเจ้าโรงทอง,อ.วิเศษชัยชาญ  จ.อ่างทอง 14110,,,,035-631480,,,,ภาคกลาง,ร้านค้าทั่วไป,ขายส่ง,"ภาคกลาง,ร้านค้าทั่วไป,ขายส่ง",,,ยศวีร์
mh_res_partner_79,,หนึ่งมุกดาหาร,หนึ่งมุกดาหาร,3495,TRUE,TRUE,FALSE,,Default,FALSE,48/3-5 ถ.แก้วกินรี,อ.เมือง จ.มุกดาหาร 49000,,,,042-611715,,042-612822,,ภาคอีสาน,ร้านค้าทั่วไป,ขายส่ง,"ภาคอีสาน,ร้านค้าทั่วไป,ขายส่ง",,,วรพล
mh_res_partner_80,,ปริญญาศึกษา,ปริญญาศึกษา,3496,TRUE,TRUE,FALSE,,Default,FALSE,105 ถ.วิวิธสุรการ ต.มุกดาหาร,อ.เมืองมุกดาหาร จ.มุกดาหาร 49000,,,,"042-632357,086-5049786-คุณป๊อด",,085-7427485-คุณปู,,ภาคอีสาน,ร้านค้าทั่วไป,ขายส่ง,"ภาคอีสาน,ร้านค้าทั่วไป,ขายส่ง",,,วรพล
mh_res_partner_81,,ราชยานยนต์ 2,ราชยานยนต์ 2,3499,TRUE,TRUE,FALSE,,Default,FALSE,66/6 หมู่ 9 ถ.นิตโย ต.พังโคน,อ.พังโคน จ.สกลนคร 47160,,,,"042-771026,771021",,042-771153,,ภาคอีสาน,ร้านค้าทั่วไป,ขายส่ง,"ภาคอีสาน,ร้านค้าทั่วไป,ขายส่ง",,,วรพล
mh_res_partner_82,ห้างหุ้นส่วนจำกัด,อุรณาก่อสร้าง,ห้างหุ้นส่วนจำกัด อุรณาก่อสร้าง,3500,TRUE,TRUE,FALSE,,Default,FALSE,556/4-5 หมู่ที่ 2 ถ.สุรินทร์-ช่องจอม,ต.กังแอน อ.ปราสาท จ.สุรินทร์ 32140,,,,044-551154,,,,ภาคอีสาน,ร้านค้าทั่วไป,ขายส่ง,"ภาคอีสาน,ร้านค้าทั่วไป,ขายส่ง",,,วรพล
mh_res_partner_83,,บางกอกวัสดุก่อสร้าง,บางกอกวัสดุก่อสร้าง,3501,TRUE,TRUE,FALSE,,Default,FALSE,1586/2-3  ถ.รัฐพัฒนา ต.ธาตุเชิงชุม,อ.เมืองสกลนคร จ.สกลนคร 47000,,,,"042-713122,01-9540508",,042-713122,,ภาคอีสาน,ร้านค้าทั่วไป,ขายส่ง,"ภาคอีสาน,ร้านค้าทั่วไป,ขายส่ง",,,วรพล
mh_res_partner_84,,โยศึกษาภัณฑ์,โยศึกษาภัณฑ์,3502,TRUE,TRUE,FALSE,,Default,FALSE,89 หมู่ 6 ต.หนองสูงเหนือ,อ.หนองสูง จ.มุกดาหาร 49160,,,,"042-635098,09-5717630",,,,ภาคอีสาน,ร้านค้าทั่วไป,ขายส่ง,"ภาคอีสาน,ร้านค้าทั่วไป,ขายส่ง",,,วรพล
mh_res_partner_85,,สกลรุ่งเจริญภัณฑ์,สกลรุ่งเจริญภัณฑ์,3503,TRUE,TRUE,FALSE,,Default,FALSE,386/15 หมู่ 2 ต.ธาตุเชิงชุม,อ.เมืองสกลนคร จ.สกลนคร 47000,,,,042-733214,,,,ภาคอีสาน,ร้านค้าทั่วไป,ขายส่ง,"ภาคอีสาน,ร้านค้าทั่วไป,ขายส่ง",,,วรพล
mh_res_partner_86,,มานะวิทยา,มานะวิทยา,3505,TRUE,TRUE,FALSE,,Default,FALSE,1171/2-3 ถ.วรบุตร,ต.ตลาด อ.เมือง จ.มหาสารคาม 44000,,,,043-711142,,043-711142,,ภาคอีสาน,ร้านค้าทั่วไป,ขายส่ง,"ภาคอีสาน,ร้านค้าทั่วไป,ขายส่ง",,,วรพล
mh_res_partner_87,ห้างหุ้นส่วนจำกัด,สื่อศึกษามหาสารคาม,ห้างหุ้นส่วนจำกัด สื่อศึกษามหาสารคาม,3506,TRUE,TRUE,FALSE,,Default,FALSE,434 ถ.นครสวรรค์ ต.ตลาด,อ.เมืองมหาสารคาม จ.มหาสารคาม 44000,,,,"043-721589,722548",,043-722548,,ภาคอีสาน,ร้านค้าทั่วไป,ขายส่ง,"ภาคอีสาน,ร้านค้าทั่วไป,ขายส่ง",,,วรพล
mh_res_partner_88,,รัตนชัยศึกษาภัณฑ์,รัตนชัยศึกษาภัณฑ์,3511,TRUE,TRUE,FALSE,,Default,FALSE,30 หมู่ที่ 1 ถ.บุณฑริกจักรพงษ์,ต.บัวขาว อ.กุฉินารายณ์ จ.กาฬสินธุ์ 46110,,,,043-851271,,,,ภาคอีสาน,ร้านค้าทั่วไป,ขายส่ง,"ภาคอีสาน,ร้านค้าทั่วไป,ขายส่ง",,,วรพล
mh_res_partner_89,ร้าน,สาส์น,ร้าน สาส์น,3514,TRUE,TRUE,FALSE,,Default,FALSE,249-251 หมู่ 9 ถ.ชยางกูร,ต.บุ่ง อ.เมือง จ.อำนาจเจริญ 37000,,,,045-451916,,,,ภาคอีสาน,ร้านค้าทั่วไป,ขายส่ง,"ภาคอีสาน,ร้านค้าทั่วไป,ขายส่ง",,,วรพล
mh_res_partner_90,โรงพิมพ์,สุวรรณพานิช,โรงพิมพ์ สุวรรณพานิช,3020,TRUE,TRUE,FALSE,,Default,FALSE,65/2 ถ.หลังสวน,อ.หลังสวน จ.ชุมพร 86110,,,,077-541176,,,,ภาคใต้,ร้านค้าทั่วไป,ขายส่ง,"ภาคใต้,ร้านค้าทั่วไป,ขายส่ง",,,วรวิทย์
mh_res_partner_91,,สหไทยศึกษาภัณฑ์,สหไทยศึกษาภัณฑ์,3021,TRUE,TRUE,FALSE,,Default,FALSE,245-247 ถ.ปรมินทร์มรรคา,อ.เมือง จ.ชุมพร 86000,,,,077-511201,,,,ภาคใต้,ร้านค้าทั่วไป,ขายส่ง,"ภาคใต้,ร้านค้าทั่วไป,ขายส่ง",,,วรวิทย์
mh_res_partner_92,,พจน์เครื่องเขียน,พจน์เครื่องเขียน,3022,TRUE,TRUE,FALSE,,Default,FALSE,249/1 ถ.ปรมินทร์มรรคา,อ.เมือง จ.ชุมพร 86000,,,,077-501340,,,,ภาคใต้,ร้านค้าทั่วไป,ขายส่ง,"ภาคใต้,ร้านค้าทั่วไป,ขายส่ง",,,วรวิทย์
mh_res_partner_93,โรงพิมพ์,ตั้งเจริญ,โรงพิมพ์ ตั้งเจริญ,3023,TRUE,TRUE,FALSE,,Default,FALSE,250-252 ถ.ปรมินทร์มรรคา,อ.เมือง จ.ชุมพร 86000,,,,"077-503591,511071",,077-571611,,ภาคใต้,ร้านค้าทั่วไป,ขายส่ง,"ภาคใต้,ร้านค้าทั่วไป,ขายส่ง",,,วรวิทย์
mh_res_partner_94,,แต้เซ่งหลี,แต้เซ่งหลี,3024,TRUE,TRUE,FALSE,,Default,FALSE,182 ถ.ปรมินทร์มรรคา,อ.เมือง จ.ชุมพร 86000,,,,077-511029,,,,ภาคใต้,ร้านค้าทั่วไป,ขายส่ง,"ภาคใต้,ร้านค้าทั่วไป,ขายส่ง",,,วรวิทย์
mh_res_partner_95,ห้างหุ้นส่วนจำกัด,ชุมพรเครื่องเขียน,ห้างหุ้นส่วนจำกัด ชุมพรเครื่องเขียน,3025,TRUE,TRUE,FALSE,,Default,FALSE,"25/40,25/41 ถ.กรมหลวงชุมพร",ต.ท่าตะเภา อ.เมืองชุมพร จ.ชุมพร 86000,,,,"077-511629,503809,01-8947089",,077-503809,,ภาคใต้,ร้านค้าทั่วไป,ขายส่ง,"ภาคใต้,ร้านค้าทั่วไป,ขายส่ง",,,วรวิทย์
mh_res_partner_96,,สมอทอง,สมอทอง,3026,TRUE,TRUE,FALSE,,Default,FALSE,289/3 ถ.ตลาดใหม่ ต.ตลาด,อ.เมือง จ.สุราษฎร์ธานี 84000,,,,"077-210218, 287736",,,,ภาคใต้,ร้านค้าทั่วไป,ขายส่ง,"ภาคใต้,ร้านค้าทั่วไป,ขายส่ง",,,วรวิทย์
mh_res_partner_97,,ธนาคารกรุงศรีอยุธยา  จำกัด (มหาชน),ธนาคารกรุงศรีอยุธยา  จำกัด (มหาชน),0669,TRUE,TRUE,FALSE,,Default,FALSE,1222  ถนนพระราม 3  แขวงบางโพงพาง,เขตยานนาวา  กรุงเทพมหานคร 10120,,,,02-2962446,,,,กรุงเทพฯ,ร้านค้าทั่วไป,ขายส่ง,"กรุงเทพฯ,ร้านค้าทั่วไป,ขายส่ง",,,วิทยา
mh_res_partner_98,บริษัท,กิฟท์แลนด์จำกัด,บริษัท กิฟท์แลนด์จำกัด,0716,TRUE,TRUE,FALSE,,Default,FALSE,"22,24,26,28,30,32,34,36,38 ซอยบางแวก 41",แขวงบางแวก เขตภาษีเจริญ  กรุงเทพมหานคร 10160,,,,8650805  8913088 8913079 #135,,024659527,,กรุงเทพฯ,ร้านค้าทั่วไป,ขายส่ง,"กรุงเทพฯ,ร้านค้าทั่วไป,ขายส่ง",,,วิทยา
mh_res_partner_99,บริษัท,ฮีไลซ์ (ประเทศไทย) จำกัด,บริษัท ฮีไลซ์ (ประเทศไทย) จำกัด,1002,TRUE,TRUE,FALSE,,Default,FALSE,112/1  ถนนมิตรพันธ์,แขวงป้อมปราบ  เขตป้อมปราบศัตรูพ่าย กรุงเทพฯ 10100,,,,2238960-2239830,,,,กรุงเทพฯ,ร้านค้าทั่วไป,ขายส่ง,"กรุงเทพฯ,ร้านค้าทั่วไป,ขายส่ง",,,วิทยา
mh_res_partner_100,,Grupo MBS.,Grupo MBS.,1144,TRUE,TRUE,FALSE,,Default,FALSE,AV.Karl  Marx,"1464/B2, Maputo, Mozambique",,,,,,02-2549369,,กรุงเทพฯ,ร้านค้าทั่วไป,ขายปลีก,"กรุงเทพฯ,ร้านค้าทั่วไป,ขายปลีก",,,วิทยา
mh_res_partner_101,บริษัท,แฟนซีอาร์ท  จำกัด,บริษัท แฟนซีอาร์ท  จำกัด,1171,TRUE,TRUE,FALSE,,Default,FALSE,"37/26-27,44-58  ซอยรัชดาภิเษก 14",ถนนรัชดาภิเษก  แขวงตลาดพลู เขตธนบุรี  กรุงเทพฯ 10600,,,,"02-4659521-5,02-4497278-9",,,,กรุงเทพฯ,ร้านค้าทั่วไป,ขายส่ง,"กรุงเทพฯ,ร้านค้าทั่วไป,ขายส่ง",,,วิทยา
mh_res_partner_102,ห้างหุ้นส่วนจำกัด,ไทยบิซิเนส ซัพพลาย,ห้างหุ้นส่วนจำกัด ไทยบิซิเนส ซัพพลาย,001250,TRUE,TRUE,FALSE,,Default,FALSE,33/88 ถนนกาญจนาภิเษก แขวงหลักสอง,เขตบางแค กรุงเทพฯ,,,,028035355,,028035355,,กรุงเทพฯ,ร้านค้าทั่วไป,ขายปลีก,"กรุงเทพฯ,ร้านค้าทั่วไป,ขายปลีก",,,สุเมธ
mh_res_partner_103,ร้าน,เพื่อนครู,ร้าน เพื่อนครู,3134,TRUE,TRUE,FALSE,,Default,FALSE,22/14 ถ.เอกาทศรฐ,อ.เมือง จ.พิษณุโลก 65000,,,,"055-251585,01-7074004",,,,ภาคเหนือ,ร้านค้าทั่วไป,ขายส่ง,"ภาคเหนือ,ร้านค้าทั่วไป,ขายส่ง",,,สุวิทย์
mh_res_partner_104,,นครสาส์น,นครสาส์น,3136,TRUE,TRUE,FALSE,,Default,FALSE,170-172 ถ.จรดวิถีถ่อง ต.ธานี,อ.เมือง จ.สุโขทัย 64000,,,,"055-611353,01-9535670",,055-611353,,ภาคเหนือ,ร้านค้าทั่วไป,ขายส่ง,"ภาคเหนือ,ร้านค้าทั่วไป,ขายส่ง",,,สุวิทย์
mh_res_partner_105,ห้างหุ้นส่วนจำกัด,หล่อสโตร์เครื่องเขียนแอนด์เซอร์วิส,ห้างหุ้นส่วนจำกัด หล่อสโตร์เครื่องเขียนแอนด์เซอร์วิส,3137,TRUE,TRUE,FALSE,,Default,FALSE,221 ถ.จรดวิถีถ่อง ต.ธานี,อ.เมืองสุโขทัย จ.สุโขทัย 64000,,,,"055-611489,621851,621853",,056-610555,,ภาคเหนือ,ร้านค้าทั่วไป,ขายส่ง,"ภาคเหนือ,ร้านค้าทั่วไป,ขายส่ง",,,สุวิทย์
mh_res_partner_106,,ธนพรพานิช,ธนพรพานิช,3139,TRUE,TRUE,FALSE,,Default,FALSE,321-323 ถ.จรดวิถีถ่อง ต.ธานี,อ.เมือง จ.สุโขทัย 64000,,,,055-611878,,,,ภาคเหนือ,ร้านค้าทั่วไป,ขายส่ง,"ภาคเหนือ,ร้านค้าทั่วไป,ขายส่ง",,,สุวิทย์
mh_res_partner_107,ร้าน,คลังสิน,ร้าน คลังสิน,3140,TRUE,TRUE,FALSE,,Default,FALSE,2/34 ถ.บัวคูณ ต.แม่สอด,อ.แม่สอด จ.ตาก 63110,,,,"055-531967,533375",,,,ภาคเหนือ,ร้านค้าทั่วไป,ขายส่ง,"ภาคเหนือ,ร้านค้าทั่วไป,ขายส่ง",,,สุวิทย์
mh_res_partner_108,ห้างหุ้นส่วนจำกัด,ฮงล้ง มินิมาร์ท,ห้างหุ้นส่วนจำกัด ฮงล้ง มินิมาร์ท,3141,TRUE,TRUE,FALSE,,Default,FALSE,191/4-8 ถ.ประสาทวิถี ต.แม่สอด,อ.แม่สอด จ.ตาก 63110,,,,"055-531273,531823",,055-545500,,ภาคเหนือ,ร้านค้าทั่วไป,ขายส่ง,"ภาคเหนือ,ร้านค้าทั่วไป,ขายส่ง",,,สุวิทย์
mh_res_partner_109,ห้างหุ้นส่วนจำกัด,แม่สอดวิทยาคม,ห้างหุ้นส่วนจำกัด แม่สอดวิทยาคม,3145,TRUE,TRUE,FALSE,,Default,FALSE,100/3-7 ถ.ประสาทวิถี,อ.แม่สอด จ.ตาก 63110,,,,"055-532369,01-4749452",,055-531308,,ภาคเหนือ,ร้านค้าทั่วไป,ขายส่ง,"ภาคเหนือ,ร้านค้าทั่วไป,ขายส่ง",,,สุวิทย์
mh_res_partner_110,ห้างหุ้นส่วนจำกัด,ศรีมาตุลีเซ็นเตอร์,ห้างหุ้นส่วนจำกัด ศรีมาตุลีเซ็นเตอร์,3376,TRUE,TRUE,FALSE,,Default,FALSE,671/4-7 หมู่ที่ 10 ถ.พหลโยธิน,ต.นครสวรรค์ตก อ.เมือง  จ.นครสวรรค์ 60000,,,,056-334593-4,,056-226756,,ภาคเหนือ,ร้านค้าทั่วไป,ขายส่ง,"ภาคเหนือ,ร้านค้าทั่วไป,ขายส่ง",,,สุวิทย์
